Title,Airdate,Rating,Votes,Description,Runtime,Genre,Certificate
"<a href=""/title/tt0877057/"">Death Note</a>","<span class=""lister-item-year text-muted unbold"">(2006–2007)</span>","<span class=""ipl-rating-star__rating"">9</span>","316,632","
An intelligent high school student goes on a secret crusade to eliminate criminals from the world after discovering a notebook capable of killing anyone whose name is written into it.","<span class=""runtime"">24 min</span>","<span class=""genre"">
Animation, Crime, Drama            </span>","<span class=""certificate"">TV-14</span>"
"<a href=""/title/tt2560140/"">Attack on Titan</a>","<span class=""lister-item-year text-muted unbold"">(2013–2023)</span>","<span class=""ipl-rating-star__rating"">0</span>","363,667","
After his hometown is destroyed and his mother is killed, young Eren Jaeger vows to cleanse the earth of the giant humanoid Titans that have brought humanity to the brink of extinction.","<span class=""runtime"">24 min</span>","<span class=""genre"">
Animation, Action, Adventure            </span>","<span class=""certificate"">TV-MA</span>"
"<a href=""/title/tt1355642/"">Fullmetal Alchemist: Brotherhood</a>","<span class=""lister-item-year text-muted unbold"">(2009–2010)</span>","<span class=""ipl-rating-star__rating"">Rate</span>","164,194","
Two brothers search for a Philosopher's Stone after an attempt to revive their deceased mother goes awry and leaves them in damaged physical forms.","<span class=""runtime"">24 min</span>","<span class=""genre"">
Animation, Action, Adventure            </span>","<span class=""certificate"">TV-14</span>"
"<a href=""/title/tt4508902/"">One Punch Man</a>","<span class=""lister-item-year text-muted unbold"">(2015–2019)</span>","<span class=""ipl-rating-star__rating"">1</span>","155,934","
The story of Saitama, a hero that does it just for fun & can defeat his enemies with a single punch.","<span class=""runtime"">24 min</span>","<span class=""genre"">
Animation, Action, Comedy            </span>","<span class=""certificate"">TV-PG</span>"
"<a href=""/title/tt0214341/"">Dragon Ball Z</a>","<span class=""lister-item-year text-muted unbold"">(1989–1996)</span>","<span class=""ipl-rating-star__rating"">Rate</span>","129,770","
With the help of the powerful Dragonballs, a team of fighters led by the saiyan warrior Goku defend the planet earth from extraterrestrial enemies.","<span class=""runtime"">24 min</span>","<span class=""genre"">
Animation, Action, Adventure            </span>","<span class=""certificate"">TV-PG</span>"
"<a href=""/title/tt0213338/"">Cowboy Bebop</a>","<span class=""lister-item-year text-muted unbold"">(1998–1999)</span>","<span class=""ipl-rating-star__rating"">2</span>","117,962","
The futuristic misadventures and tragedies of an easygoing bounty hunter and his partners.","<span class=""runtime"">24 min</span>","<span class=""genre"">
Animation, Action, Adventure            </span>","<span class=""certificate"">TV-14</span>"
"<a href=""/title/tt0988824/"">Naruto: Shippûden</a>","<span class=""lister-item-year text-muted unbold"">(2007–2017)</span>","<span class=""ipl-rating-star__rating"">Rate</span>","123,096","
Naruto Uzumaki, is a loud, hyperactive, adolescent ninja who constantly searches for approval and recognition, as well as to become Hokage, who is acknowledged as the leader and strongest of all ninja in the village.","<span class=""runtime"">24 min</span>","<span class=""genre"">
Animation, Action, Adventure            </span>","<span class=""certificate"">TV-PG</span>"
"<a href=""/title/tt0388629/"">One Piece</a>","<span class=""lister-item-year text-muted unbold"">(1999– )</span>","<span class=""ipl-rating-star__rating"">3</span>","121,578","
Follows the adventures of Monkey D. Luffy and his pirate crew in order to find the greatest treasure ever left by the legendary Pirate, Gold Roger. The famous mystery treasure named ""One Piece"".","<span class=""runtime"">24 min</span>","<span class=""genre"">
Animation, Action, Adventure            </span>","<span class=""certificate"">TV-14</span>"
"<a href=""/title/tt0409591/"">Naruto</a>","<span class=""lister-item-year text-muted unbold"">(2002–2007)</span>","<span class=""ipl-rating-star__rating"">Rate</span>","99,578","
Naruto Uzumaki, a mischievous adolescent ninja, struggles as he searches for recognition and dreams of becoming the Hokage, the village's leader and strongest ninja.","<span class=""runtime"">24 min</span>","<span class=""genre"">
Animation, Action, Adventure            </span>","<span class=""certificate"">TV-PG</span>"
"<a href=""/title/tt2098220/"">Hunter x Hunter</a>","<span class=""lister-item-year text-muted unbold"">(2011–2014)</span>","<span class=""ipl-rating-star__rating"">4</span>","96,126","
Gon Freecss aspires to become a Hunter, an exceptional being capable of greatness. With his friends and his potential, he seeks out his father, who left him when he was younger.","<span class=""runtime"">24 min</span>","<span class=""genre"">
Animation, Action, Adventure            </span>","<span class=""certificate"">TV-14</span>"
"<a href=""/title/tt0121220/"">Dragon Ball Z</a>","<span class=""lister-item-year text-muted unbold"">(1989–1996)</span>","<span class=""ipl-rating-star__rating"">Rate</span>","79,476","
The adventures of Earth's martial arts defender, Son Goku, continue with a new family and the revelation of his alien origins. Now Goku and his allies must defend the planet from an onslaught of new extraterrestrial enemies.","<span class=""runtime"">24 min</span>","<span class=""genre"">
Animation, Action, Adventure            </span>","<span class=""certificate"">TV-PG</span>"
"<a href=""/title/tt0421357/"">Fullmetal Alchemist</a>","<span class=""lister-item-year text-muted unbold"">(2003–2004)</span>","<span class=""ipl-rating-star__rating"">5</span>","70,610","
When a failed alchemical ritual leaves brothers Edward and Alphonse Elric with severely damaged bodies, they begin searching for the one thing that can save them: the fabled philosopher's stone.","<span class=""runtime"">24 min</span>","<span class=""genre"">
Animation, Action, Adventure            </span>","<span class=""certificate"">TV-PG</span>"
"<a href=""/title/tt0112159/"">Neon Genesis Evangelion</a>","<span class=""lister-item-year text-muted unbold"">(1995–1996)</span>","<span class=""ipl-rating-star__rating"">Rate</span>","68,666","
A teenage boy finds himself recruited as a member of an elite team of pilots by his father.","<span class=""runtime"">24 min</span>","<span class=""genre"">
Animation, Action, Drama            </span>","<span class=""certificate"">TV-MA</span>"
"<a href=""/title/tt0994314/"">Code Geass</a>","<span class=""lister-item-year text-muted unbold"">(2006–2008)</span>","<span class=""ipl-rating-star__rating"">6</span>","67,582","
After being given a mysterious power to control others, an outcast prince becomes the masked leader of the rebellion against an all-powerful empire.","<span class=""runtime"">24 min</span>","<span class=""genre"">
Animation, Action, Drama            </span>","<span class=""certificate"">TV-14</span>"
"<a href=""/title/tt9335498/"">Demon Slayer: Kimetsu no Yaiba</a>","<span class=""lister-item-year text-muted unbold"">(2019– )</span>","<span class=""ipl-rating-star__rating"">Rate</span>","98,201","
A family is attacked by demons and only two members survive - Tanjiro and his sister Nezuko, who is turning into a demon slowly. Tanjiro sets out to become a demon slayer to avenge his family and cure his sister.","<span class=""runtime"">24 min</span>","<span class=""genre"">
Animation, Action, Adventure            </span>","<span class=""certificate"">TV-MA</span>"
"<a href=""/title/tt0280249/"">Dragon Ball</a>","<span class=""lister-item-year text-muted unbold"">(1995–2003)</span>","<span class=""ipl-rating-star__rating"">7</span>","59,904","
Dragon Ball tells the tale of a young warrior by the name of Son Goku, a young peculiar boy with a tail who embarks on a quest to become stronger and learns of the Dragon Balls, when, once all 7 are gathered, grant any wish of choice.","<span class=""runtime"">24 min</span>","<span class=""genre"">
Animation, Action, Adventure            </span>","<span class=""certificate"">TV-14</span>"
"<a href=""/title/tt1910272/"">Steins;Gate</a>","<span class=""lister-item-year text-muted unbold"">(2011–2015)</span>","<span class=""ipl-rating-star__rating"">Rate</span>","61,226","
After discovering time travel, a university student and his colleagues must use their knowledge of it to stop an evil organization and their diabolical plans.","<span class=""runtime"">24 min</span>","<span class=""genre"">
Animation, Comedy, Drama            </span>","<span class=""certificate"">TV-14</span>"
"<a href=""/title/tt0088509/"">Dragon Ball</a>","<span class=""lister-item-year text-muted unbold"">(1986–1989)</span>","<span class=""ipl-rating-star__rating"">8</span>","57,387","
Son Gokû, a fighter with a monkey tail, goes on a quest with an assortment of odd characters in search of the Dragon Balls, a set of crystals that can give its bearer anything they desire.","<span class=""runtime"">24 min</span>","<span class=""genre"">
Animation, Action, Adventure            </span>","<span class=""certificate"">TV-14</span>"
"<a href=""/title/tt5626028/"">My Hero Academia</a>","<span class=""lister-item-year text-muted unbold"">(2016– )</span>","<span class=""ipl-rating-star__rating"">Rate</span>","60,157","
A superhero-loving boy without any powers is determined to enroll in a prestigious hero academy and learn what it really means to be a hero.","<span class=""runtime"">24 min</span>","<span class=""genre"">
Animation, Action, Adventure            </span>","<span class=""certificate"">TV-14</span>"
"<a href=""/title/tt0434665/"">Bleach</a>","<span class=""lister-item-year text-muted unbold"">(2004–2012)</span>","<span class=""ipl-rating-star__rating"">9</span>","53,824","
High school student Ichigo Kurosaki, who has the ability to see ghosts, gains soul reaper powers from Rukia Kuchiki and sets out to save the world from ""Hollows"".","<span class=""runtime"">24 min</span>","<span class=""genre"">
Animation, Action, Adventure            </span>","<span class=""certificate"">TV-14</span>"
"<a href=""/title/tt3741634/"">Tokyo Ghoul</a>","<span class=""lister-item-year text-muted unbold"">(2014)</span>","<span class=""ipl-rating-star__rating"">Rate</span>","52,541","
A Tokyo college student is attacked by a ghoul, a superpowered human who feeds on human flesh. He survives, but has become part ghoul and becomes a fugitive on the run.","<span class=""runtime"">24 min</span>","<span class=""genre"">
Animation, Action, Drama            </span>","<span class=""certificate"">TV-MA</span>"
"<a href=""/title/tt0423731/"">Samurai Champloo</a>","<span class=""lister-item-year text-muted unbold"">(2004–2005)</span>","<span class=""ipl-rating-star__rating"">10</span>","48,468","
Fuu, a waitress who works in a teahouse, rescues two master swordsmen, Mugen and Jin, from their execution to help her find the ""samurai who smells of sunflowers.""","<span class=""runtime"">24 min</span>","<span class=""genre"">
Animation, Action, Adventure            </span>","<span class=""certificate"">TV-MA</span>"
"<a href=""/title/tt2250192/"">Sword Art Online</a>","<span class=""lister-item-year text-muted unbold"">(2012– )</span>","<span class=""ipl-rating-star__rating"">Rate</span>","45,451","
In the year 2022, thousands of people get trapped in a new virtual MMORPG and the lone wolf player, Kirito, works to escape.","<span class=""runtime"">24 min</span>","<span class=""genre"">
Animation, Action, Adventure            </span>","<span class=""certificate"">TV-14</span>"
"<a href=""/title/tt0168366/"">Pokémon</a>","<span class=""lister-item-year text-muted unbold"">(1997– )</span>","<span class=""ipl-rating-star__rating"">9</span>","42,952","
Ash Ketchum, his yellow pet Pikachu, and his human friends explore a world of powerful creatures.","<span class=""runtime"">24 min</span>","<span class=""genre"">
Animation, Action, Adventure            </span>","<span class=""certificate"">TV-Y7</span>"
"<a href=""/title/tt12343534/"">Jujutsu Kaisen</a>","<span class=""lister-item-year text-muted unbold"">(2020– )</span>","<span class=""ipl-rating-star__rating"">0</span>","57,158","
A boy swallows a cursed talisman - the finger of a demon - and becomes cursed himself. He enters a shaman's school to be able to locate the demon's other body parts and thus exorcise himself.","<span class=""runtime"">24 min</span>","<span class=""genre"">
Animation, Action, Adventure            </span>","<span class=""certificate"">TV-MA</span>"
"<a href=""/title/tt0318871/"">Berserk</a>","<span class=""lister-item-year text-muted unbold"">(1997–1998)</span>","<span class=""ipl-rating-star__rating"">Rate</span>","38,766","
Guts is a skilled swordsman who joins forces with a mercenary group named 'The Band of the Hawk', lead by the charismatic Griffith, and fights with them as they battle their way into the royal court.","<span class=""runtime"">23 min</span>","<span class=""genre"">
Animation, Action, Adventure            </span>","<span class=""certificate"">TV-14</span>"
"<a href=""/title/tt3358020/"">Parasyte: The Maxim</a>","<span class=""lister-item-year text-muted unbold"">(2014–2015)</span>","<span class=""ipl-rating-star__rating"">1</span>","37,186","
17-year-old Shinichi Izumi is partially infected by a Parasyte, monsters that butcher and consume humans. He must learn to co-exist with the creature if he is to survive both the life of a Parasyte and a human as part monster, part person.","<span class=""runtime"">22 min</span>","<span class=""genre"">
Animation, Action, Drama            </span>","<span class=""certificate"">TV-MA</span>"
"<a href=""/title/tt8788458/"">The Promised Neverland</a>","<span class=""lister-item-year text-muted unbold"">(2019–2021)</span>","<span class=""ipl-rating-star__rating"">Rate</span>","37,155","
When three gifted kids at an isolated idyllic orphanage discover the secret and sinister purpose they were raised for, they look for a way to escape from their evil caretaker and lead the other children in a risky escape plan.","<span class=""runtime"">23 min</span>","<span class=""genre"">
Animation, Action, Adventure            </span>","<span class=""certificate"">TV-14</span>"
"<a href=""/title/tt3909224/"">The Seven Deadly Sins</a>","<span class=""lister-item-year text-muted unbold"">(2014–2021)</span>","<span class=""ipl-rating-star__rating"">2</span>","31,757","
The story of the Seven Deadly Sins, a group of warriors who were wrongly accused of a crime they didn't commit and went on a quest to vindicate themselves.","<span class=""runtime"">24 min</span>","<span class=""genre"">
Animation, Action, Adventure            </span>","<span class=""certificate"">TV-14</span>"
"<a href=""/title/tt4644488/"">Dragon Ball Super</a>","<span class=""lister-item-year text-muted unbold"">(2015–2018)</span>","<span class=""ipl-rating-star__rating"">Rate</span>","30,046","
Six months after the defeat of Majin Buu, The mighty Saiyan Son Goku continues his quest on becoming stronger.","<span class=""runtime"">24 min</span>","<span class=""genre"">
Animation, Action, Adventure            </span>","<span class=""certificate"">TV-PG</span>"
"<a href=""/title/tt0434706/"">Monster</a>","<span class=""lister-item-year text-muted unbold"">(2004–2005)</span>","<span class=""ipl-rating-star__rating"">3</span>","30,123","
A brilliant neurosurgeon finds his life in utter turmoil after getting involved with a psychopathic former patient.","<span class=""runtime"">24 min</span>","<span class=""genre"">
Animation, Crime, Drama            </span>","<span class=""certificate"">TV-14</span>"
"<a href=""/title/tt10233448/"">Vinland Saga</a>","<span class=""lister-item-year text-muted unbold"">(2019– )</span>","<span class=""ipl-rating-star__rating"">Rate</span>","36,701","
Thorfinn pursues a journey with his father's killer in order to take revenge and end his life in a duel as an honorable warrior and pay his father a homage.","<span class=""runtime"">24 min</span>","<span class=""genre"">
Animation, Action, Adventure            </span>","<span class=""certificate"">TV-MA</span>"
"<a href=""/title/tt3895150/"">Your Lie in April</a>","<span class=""lister-item-year text-muted unbold"">(2014–2015)</span>","<span class=""ipl-rating-star__rating"">4</span>","28,984","
A piano prodigy who lost his ability to play after suffering a traumatic event in his childhood is forced back into the spotlight by an eccentric girl with a secret of her own.","<span class=""runtime"">23 min</span>","<span class=""genre"">
Animation, Comedy, Drama            </span>","<span class=""certificate"">TV-PG</span>"
"<a href=""/title/tt5897304/"">Mob Psycho 100</a>","<span class=""lister-item-year text-muted unbold"">(2016– )</span>","<span class=""ipl-rating-star__rating"">Rate</span>","30,169","
A psychic middle school boy tries to live a normal life and keep his growing powers under control, even though he constantly gets into trouble.","<span class=""runtime"">24 min</span>","<span class=""genre"">
Animation, Action, Comedy            </span>","<span class=""certificate"">TV-14</span>"
"<a href=""/title/tt1528406/"">Fairy Tail</a>","<span class=""lister-item-year text-muted unbold"">(2009–2019)</span>","<span class=""ipl-rating-star__rating"">5</span>","24,709","
Lucy, an aspiring Celestial Wizard, becomes a friend and ally to powerful wizards Natsu, Gray, and Erza, who are part of the (in)famous wizard guild, Fairy Tail.","<span class=""runtime"">24 min</span>","<span class=""genre"">
Animation, Action, Adventure            </span>","<span class=""certificate"">TV-14</span>"
"<a href=""/title/tt1409055/"">Dragon Ball Z Kai</a>","<span class=""lister-item-year text-muted unbold"">(2009–2015)</span>","<span class=""ipl-rating-star__rating"">Rate</span>","22,860","
An HD and enhanced remaster of Dragon Ball Z.","<span class=""runtime"">24 min</span>","<span class=""genre"">
Animation, Action, Adventure            </span>","<span class=""certificate"">TV-14</span>"
"<a href=""/title/tt3742982/"">Akame ga Kill!</a>","<span class=""lister-item-year text-muted unbold"">(2014)</span>","<span class=""ipl-rating-star__rating"">6</span>","24,030","
A countryside boy named Tatsumi sets out on a journey to The Capital to make a name for himself and met a seemingly dangerous group of Assassins known as Night Raid. Their journey begins.","<span class=""runtime"">24 min</span>","<span class=""genre"">
Animation, Action, Adventure            </span>","<span class=""certificate"">TV-MA</span>"
"<a href=""/title/tt0251439/"">Trigun</a>","<span class=""lister-item-year text-muted unbold"">(1998)</span>","<span class=""ipl-rating-star__rating"">Rate</span>","21,813","
Vash the Stampede is the most infamous outlaw on the planet Gunsmoke and with a 60 billion double dollar price on his head the most sought after!","<span class=""runtime"">24 min</span>","<span class=""genre"">
Animation, Action, Adventure            </span>","<span class=""certificate"">TV-14</span>"
"<a href=""/title/tt0346314/"">Ghost in the Shell: Stand Alone Complex</a>","<span class=""lister-item-year text-muted unbold"">(2002–2005)</span>","<span class=""ipl-rating-star__rating"">7</span>","19,773","
The futuristic adventures of a female cyborg counter intelligence agent and her support team.","<span class=""runtime"">24 min</span>","<span class=""genre"">
Animation, Action, Crime            </span>","<span class=""certificate"">TV-MA</span>"
"<a href=""/title/tt0182629/"">Rurouni Kenshin</a>","<span class=""lister-item-year text-muted unbold"">(1996–1998)</span>","<span class=""ipl-rating-star__rating"">Rate</span>","19,406","
The adventures of a young wandering swordsman who stumbles upon a struggling martial arts school in Meiji era Japan.","<span class=""runtime"">24 min</span>","<span class=""genre"">
Animation, Action, Adventure            </span>","<span class=""certificate"">TV-14</span>"
"<a href=""/title/tt3398540/"">Haikyu!!</a>","<span class=""lister-item-year text-muted unbold"">(2014–2020)</span>","<span class=""ipl-rating-star__rating"">8</span>","24,781","
Determined to be like the volleyball championship's star player nicknamed ""the small giant"", Shoyo joins his school's volleyball club.","<span class=""runtime"">24 min</span>","<span class=""genre"">
Animation, Comedy, Drama            </span>","<span class=""certificate"">TV-14</span>"
"<a href=""/title/tt2379308/"">Psycho-Pass</a>","<span class=""lister-item-year text-muted unbold"">(2012– )</span>","<span class=""ipl-rating-star__rating"">Rate</span>","19,191","
Believing in humanity and order, policewoman Akane Tsunemori obeys the ruling, computerized, precognitive Sibyl System. But when she faces a criminal mastermind who can elude this perfect system, she questions both Sibyl and herself.","<span class=""runtime"">25 min</span>","<span class=""genre"">
Animation, Action, Crime            </span>","<span class=""certificate"">TV-MA</span>"
"<a href=""/title/tt0948103/"">Gurren Lagann</a>","<span class=""lister-item-year text-muted unbold"">(2007)</span>","<span class=""ipl-rating-star__rating"">9</span>","18,227","
Two friends, Simon and Kamina, become the symbols of rebellion against the powerful Spiral King, who forced mankind into subterranean villages.","<span class=""runtime"">24 min</span>","<span class=""genre"">
Animation, Action, Adventure            </span>","<span class=""certificate"">TV-14</span>"
"<a href=""/title/tt2359704/"">JoJo's Bizarre Adventure</a>","<span class=""lister-item-year text-muted unbold"">(2012– )</span>","<span class=""ipl-rating-star__rating"">Rate</span>","22,759","
The story of the Joestar family, who are possessed with intense psychic strength, and the adventures each member encounters throughout their lives.","<span class=""runtime"">30 min</span>","<span class=""genre"">
Animation, Action, Adventure            </span>","<span class=""certificate"">TV-14</span>"
"<a href=""/title/tt7441658/"">Black Clover</a>","<span class=""lister-item-year text-muted unbold"">(2017–2021)</span>","<span class=""ipl-rating-star__rating"">10</span>","22,465","
Asta and Yuno were abandoned together at the same church and have been inseparable since. As children, they promised that they would compete against each other to see who would become the next Emperor Magus.","<span class=""runtime"">24 min</span>","<span class=""genre"">
Animation, Action, Adventure            </span>","<span class=""certificate"">TV-PG</span>"
"<a href=""/title/tt2069441/"">The Future Diary</a>","<span class=""lister-item-year text-muted unbold"">(2011–2013)</span>","<span class=""ipl-rating-star__rating"">Rate</span>","17,477","
A young man competes with people around the world for a chance to become the succesor of God, with a diary that is able to tell the future.","<span class=""runtime"">25 min</span>","<span class=""genre"">
Animation, Action, Drama            </span>","<span class=""certificate"">TV-MA</span>"
"<a href=""/title/tt0290223/"">Inuyasha</a>","<span class=""lister-item-year text-muted unbold"">(2000–2004)</span>","<span class=""ipl-rating-star__rating"">9.1</span>","16,404","
A teenage girl periodically travels back in time to feudal Japan to help a young half-demon recover the shards of a jewel of great power.","<span class=""runtime"">24 min</span>","<span class=""genre"">
Animation, Action, Adventure            </span>","<span class=""certificate"">TV-14</span>"
"<a href=""/title/tt5607616/"">Re: Zero, Starting Life in Another World</a>","<span class=""lister-item-year text-muted unbold"">(2016– )</span>","<span class=""ipl-rating-star__rating"">0</span>","18,335","
Shortly after being summoned to a new world, Subaru Natsuki and his new female companion are brutally murdered. But then he awakes to find himself in the same alley, with the same thugs, the same girl, and the day begins to repeat.","<span class=""runtime"">24 min</span>","<span class=""genre"">
Animation, Adventure, Drama            </span>","<span class=""certificate"">TV-14</span>"
"<a href=""/title/tt9679542/"">Dr. Stone</a>","<span class=""lister-item-year text-muted unbold"">(2019– )</span>","<span class=""ipl-rating-star__rating"">Rate</span>","19,495","
Awakened into a world where humanity has been petrified, scientific genius Senku and his brawny friend Taiju use their skills to rebuild civilization.","<span class=""runtime"">24 min</span>","<span class=""genre"">
Animation, Action, Adventure            </span>","<span class=""certificate"">TV-14</span>"
"<a href=""/title/tt0962826/"">Black Lagoon</a>","<span class=""lister-item-year text-muted unbold"">(2006)</span>","<span class=""ipl-rating-star__rating"">1</span>","15,124","
A Japanese businessman, captured by modern-day pirates, is written off and left for dead by his company. Tired of the corporate life, he opts to stick with the mercenaries that kidnapped him, becoming part of their gang.","<span class=""runtime"">25 min</span>","<span class=""genre"">
Animation, Action, Adventure            </span>","<span class=""certificate"">TV-MA</span>"
"<a href=""/title/tt3225270/"">Noragami</a>","<span class=""lister-item-year text-muted unbold"">(2014–2015)</span>","<span class=""ipl-rating-star__rating"">Rate</span>","15,672","
A minor god seeking to gain widespread worship teams up with a human girl he saved to gain fame, recognition and at least one shrine dedicated to him.","<span class=""runtime"">24 min</span>","<span class=""genre"">
Animation, Action, Adventure            </span>","<span class=""certificate"">TV-14</span>"
"<a href=""/title/tt0791205/"">Ergo Proxy</a>","<span class=""lister-item-year text-muted unbold"">(2006)</span>","<span class=""ipl-rating-star__rating"">2</span>","14,391","
In a post-apocalyptic future humans live in peace with androids in a domed city. However, a strange series of murders has intruded into bored inspector Re-l Mayer's life.","<span class=""runtime"">25 min</span>","<span class=""genre"">
Animation, Action, Adventure            </span>","<span class=""certificate"">TV-14</span>"
"<a href=""/title/tt1639109/"">Angel Beats!</a>","<span class=""lister-item-year text-muted unbold"">(2010)</span>","<span class=""ipl-rating-star__rating"">Rate</span>","14,506","
Rebellious teens fight in armed combat against one dispassionate girl's supernatural powers in an afterlife high school.","<span class=""runtime"">25 min</span>","<span class=""genre"">
Animation, Action, Comedy            </span>","<span class=""certificate"">TV-14</span>"
"<a href=""/title/tt5497534/"">Tokyo Ghoul: Root A</a>","<span class=""lister-item-year text-muted unbold"">(2015)</span>","<span class=""ipl-rating-star__rating"">3</span>","15,035","
After being tortured and transformed, Kaneki leaves Anteku and joins Aogiri tree in order to protect his friends. While he tries to get stronger, Touka decides to enroll in college while they all try to recover from Kaneki leaving.","<span class=""runtime"">24 min</span>","<span class=""genre"">
Animation, Action, Drama            </span>","<span class=""certificate"">TV-MA</span>"
"<a href=""/title/tt2176165/"">Another</a>","<span class=""lister-item-year text-muted unbold"">(2012)</span>","<span class=""ipl-rating-star__rating"">Rate</span>","15,049","
A young man named, Koichi Sakakibara, transfers to a new school where he finds himself drawn into a mystery involving a mysterious girl and a series of gruesome deaths.","<span class=""runtime"">300 min</span>","<span class=""genre"">
Animation, Drama, Horror            </span>","<span class=""certificate"">TV-MA</span>"
"<a href=""/title/tt1279024/"">Toradora!</a>","<span class=""lister-item-year text-muted unbold"">(2008–2009)</span>","<span class=""ipl-rating-star__rating"">4</span>","15,359","
Ryuji Takasu lives in a falling down house with his mother, and although being a nice guy is cursed with the evil look of his father causing people to avoid him. Taiga Aisaka is a tiny,self...                See full summary »
","<span class=""runtime"">24 min</span>","<span class=""genre"">
Animation, Comedy, Drama            </span>","<span class=""certificate"">TV-14</span>"
"<a href=""/title/tt0985344/"">Claymore</a>","<span class=""lister-item-year text-muted unbold"">(2007)</span>","<span class=""ipl-rating-star__rating"">Rate</span>","13,762","
In a world rife with deadly creatures called ""youma"", a young silver eyed woman, Clare, works on behalf of an organization that trains female youma halfbreeds into warriors with the ability...                See full summary »
","<span class=""runtime"">24 min</span>","<span class=""genre"">
Animation, Action, Adventure            </span>","<span class=""certificate"">TV-MA</span>"
"<a href=""/title/tt0807832/"">Mushi-Shi</a>","<span class=""lister-item-year text-muted unbold"">(2005–2014)</span>","<span class=""ipl-rating-star__rating"">5</span>","13,479","
Ginko is an expert travelling around to investigate a primeval life-form, the ""Mushi,"" and helping people with Mushi-related supernatural problems.","<span class=""runtime"">25 min</span>","<span class=""genre"">
Animation, Drama, Fantasy            </span>","<span class=""certificate"">TV-14</span>"
"<a href=""/title/tt0185133/"">Yu Yu Hakusho: Ghost Files</a>","<span class=""lister-item-year text-muted unbold"">(1992–1995)</span>","<span class=""ipl-rating-star__rating"">Rate</span>","13,726","
One day, 14-year-old Yusuke Urameshi suddenly finds himself dead, having died pushing a child out of the way of oncoming traffic. Since he has such a bad personality, even the Spirit World ...                See full summary »
","<span class=""runtime"">24 min</span>","<span class=""genre"">
Animation, Action, Adventure            </span>","<span class=""certificate"">TV-PG</span>"
"<a href=""/title/tt3114390/"">KILL la KILL</a>","<span class=""lister-item-year text-muted unbold"">(2013–2014)</span>","<span class=""ipl-rating-star__rating"">6</span>","14,266","
A young girl arrives at a school of superhumans to find out the truth behind her father's murder.","<span class=""runtime"">25 min</span>","<span class=""genre"">
Animation, Action, Comedy            </span>","<span class=""certificate"">TV-14</span>"
"<a href=""/title/tt0114327/"">Sailor Moon</a>","<span class=""lister-item-year text-muted unbold"">(1995–2000)</span>","<span class=""ipl-rating-star__rating"">Rate</span>","12,675","
The magical action-adventures of a teenage girl who learns of her destiny as the legendary warrior Sailor Moon and must band together with the other Sailor Scouts to defend the Earth and Galaxy.","<span class=""runtime"">24 min</span>","<span class=""genre"">
Animation, Action, Adventure            </span>","<span class=""certificate"">TV-Y</span>"
"<a href=""/title/tt3837246/"">Assassination Classroom</a>","<span class=""lister-item-year text-muted unbold"">(2013–2016)</span>","<span class=""ipl-rating-star__rating"">7</span>","15,742","
A powerful creature claims that within a year, Earth will be destroyed by him, but he offers mankind a chance by becoming a homeroom teacher where he teaches his students about how to kill him. An assassination classroom begins.","<span class=""runtime"">23 min</span>","<span class=""genre"">
Animation, Action, Comedy            </span>","<span class=""certificate"">TV-14</span>"
"<a href=""/title/tt1799631/"">Blue Exorcist</a>","<span class=""lister-item-year text-muted unbold"">(2011)</span>","<span class=""ipl-rating-star__rating"">Rate</span>","13,217","
After discovering that he's the son of Satan, a young man must join the True Cross Academy in order to master his abilities and defeat Satan himself.","<span class=""runtime"">30 min</span>","<span class=""genre"">
Animation, Action, Drama            </span>","<span class=""certificate"">TV-14</span>"
"<a href=""/title/tt1214085/"">Soul Eater</a>","<span class=""lister-item-year text-muted unbold"">(2008–2009)</span>","<span class=""ipl-rating-star__rating"">8</span>","13,007","
Set in the Shinigami technical school for weapon meisters, the series revolves around 3 duo's. These pairs are a partnership between a weapon meister and a human weapon. Trying to reach a ...                See full summary »
","<span class=""runtime"">24 min</span>","<span class=""genre"">
Animation, Action, Adventure            </span>","<span class=""certificate"">TV-14</span>"
"<a href=""/title/tt0131179/"">Detective Conan</a>","<span class=""lister-item-year text-muted unbold"">(1996– )</span>","<span class=""ipl-rating-star__rating"">Rate</span>","13,229","
The cases of a detective whose physical age was chemically reversed to that of a prepubescent boy but must hide his true mental development.","<span class=""runtime"">25 min</span>","<span class=""genre"">
Animation, Action, Comedy            </span>","<span class=""certificate"">TV-14</span>"
"<a href=""/title/tt1913273/"">Anohana: The Flower We Saw That Day</a>","<span class=""lister-item-year text-muted unbold"">(2011)</span>","<span class=""ipl-rating-star__rating"">9</span>","13,644","
Five childhood companions reunite when the ghost of their dead friends appears, and demands they grant her final wish.","<span class=""runtime"">23 min</span>","<span class=""genre"">
Animation, Adventure, Drama            </span>","<span class=""certificate"">TV-PG</span>"
"<a href=""/title/tt2051178/"">Fate/Zero</a>","<span class=""lister-item-year text-muted unbold"">(2011–2012)</span>","<span class=""ipl-rating-star__rating"">Rate</span>","13,081","
Seven chosen mages and their summoned heroic spirits fight against each other to try and win the Holy Grail: a magical device that can grant any wish.","<span class=""runtime"">24 min</span>","<span class=""genre"">
Animation, Action, Adventure            </span>","<span class=""certificate"">TV-MA</span>"
"<a href=""/title/tt0995941/"">Darker Than Black</a>","<span class=""lister-item-year text-muted unbold"">(2007–2010)</span>","<span class=""ipl-rating-star__rating"">10</span>","11,860","
In Tokyo, an impenetrable field known as ""Hell's Gate"" appeared ten years ago. At the same time, psychics who wield paranormal powers at the cost of their conscience also emerged. Hei is ...                See full summary »
","<span class=""runtime"">24 min</span>","<span class=""genre"">
Animation, Action, Drama            </span>","<span class=""certificate"">TV-MA</span>"
"<a href=""/title/tt1334722/"">Baccano!</a>","<span class=""lister-item-year text-muted unbold"">(2007–2008)</span>","<span class=""ipl-rating-star__rating"">Rate</span>","11,829","
A crazy fantasy caper involving alchemists, immortals, gangsters, outlaws and an elixir of immortality, spread over several decades.","<span class=""runtime"">384 min</span>","<span class=""genre"">
Animation, Action, Adventure            </span>","<span class=""certificate"">TV-MA</span>"
"<a href=""/title/tt1298820/"">Clannad: After Story</a>","<span class=""lister-item-year text-muted unbold"">(2008–2009)</span>","<span class=""ipl-rating-star__rating"">8.7</span>","11,277","
A sequel to the recently wrapped anime based on the Key Clannad franchise. After Story is a path that opens in the original visual novel after all the other paths have been opened. Life ...                See full summary »
","<span class=""runtime"">24 min</span>","<span class=""genre"">
Animation, Comedy, Drama            </span>","<span class=""certificate"">TV-MA</span>"
"<a href=""/title/tt9458304/"">Dororo</a>","<span class=""lister-item-year text-muted unbold"">(2019)</span>","<span class=""ipl-rating-star__rating"">0</span>","13,200","
A father in pursuit of power gives parts of his new-born son to a host of demons. Years later, the son battles those demons to regain what is rightfully his.","<span class=""runtime"">30 min</span>","<span class=""genre"">
Animation, Action, Adventure            </span>","<span class=""certificate"">Not Rated</span>"
"<a href=""/title/tt0161952/"">Knights of the Zodiac</a>","<span class=""lister-item-year text-muted unbold"">(1986–1989)</span>","<span class=""ipl-rating-star__rating"">Rate</span>","10,096","
A group a young warriors known as 'Saints', each in possession of a 'cloth' guarded by a different constellation, must protect the reincarnation of the goddess Athena as she attempts to keep the Earth from being destroyed by evil forces.","<span class=""runtime"">24 min</span>","<span class=""genre"">
Animation, Action, Adventure            </span>","<span class=""certificate"">TV-PG</span>"
"<a href=""/title/tt9529546/"">The Rising of the Shield Hero</a>","<span class=""lister-item-year text-muted unbold"">(2019– )</span>","<span class=""ipl-rating-star__rating"">1</span>","13,096","
A gamer is magically summoned into a parallel universe, where he is chosen as one of four heroes destined to save the world from its prophesied doom.","<span class=""runtime"">24 min</span>","<span class=""genre"">
Animation, Action, Adventure            </span>","<span class=""certificate"">TV-14</span>"
"<a href=""/title/tt0816397/"">Ouran High School Host Club</a>","<span class=""lister-item-year text-muted unbold"">(2006)</span>","<span class=""ipl-rating-star__rating"">Rate</span>","10,133","
A girl at a prestigious school befriends the members of a ""host club"".","<span class=""runtime"">24 min</span>","<span class=""genre"">
Animation, Comedy, Romance            </span>","<span class=""certificate"">TV-14</span>"
"<a href=""/title/tt0988818/"">Gintama</a>","<span class=""lister-item-year text-muted unbold"">(2005–2021)</span>","<span class=""ipl-rating-star__rating"">2</span>","11,345","
In an era where aliens have invaded and taken over feudal Tokyo, an unemployed samurai finds work however he can.","<span class=""runtime"">25 min</span>","<span class=""genre"">
Animation, Action, Comedy            </span>","<span class=""certificate"">TV-14</span>"
"<a href=""/title/tt2230051/"">High School DxD</a>","<span class=""lister-item-year text-muted unbold"">(2012–2018)</span>","<span class=""ipl-rating-star__rating"">Rate</span>","10,683","
After being killed on his first date, idiotic and perverted Issei Hyodo is resurrected as a demon by Rias Gremory only to be recruited into her club of high-class devils.","<span class=""runtime"">23 min</span>","<span class=""genre"">
Animation, Action, Comedy            </span>","<span class=""certificate"">TV-MA</span>"
"<a href=""/title/tt13196080/"">Tokyo Revengers</a>","<span class=""lister-item-year text-muted unbold"">(2021– )</span>","<span class=""ipl-rating-star__rating"">3</span>","15,818","
Hanagaki Takemichi lives an unsatisfying life right up until his death. Waking up 12 years in the past, he reckons with the eventual fate of his friends and tries to prevent an unfortunate future.","<span class=""runtime"">24 min</span>","<span class=""genre"">
Animation, Action, Drama            </span>","<span class=""certificate"">TV-14</span>"
"<a href=""/title/tt4731072/"">Food Wars</a>","<span class=""lister-item-year text-muted unbold"">(2015– )</span>","<span class=""ipl-rating-star__rating"">Rate</span>","10,301","
Soma Yukihira enrolls in an elite culinary school to become a full-time chef and surpass his father's culinary skills.","<span class=""runtime"">24 min</span>","<span class=""genre"">
Animation, Comedy, Drama            </span>","<span class=""certificate"">TV-14</span>"
"<a href=""/title/tt1118804/"">Clannad</a>","<span class=""lister-item-year text-muted unbold"">(2007–2008)</span>","<span class=""ipl-rating-star__rating"">4</span>","9,392","
A high school student who cares little about school or others meets a lonely girl who had to repeat a year while all her friends finished high school. He decides to hang out with her and soon meets more friendly students.","<span class=""runtime"">30 min</span>","<span class=""genre"">
Animation, Comedy, Drama            </span>","<span class=""certificate"">TV-PG</span>"
"<a href=""/title/tt5370118/"">Konosuba: God's Blessing on This Wonderful World!</a>","<span class=""lister-item-year text-muted unbold"">(2016–2017)</span>","<span class=""ipl-rating-star__rating"">Rate</span>","10,933","
It was a happy day for Kazuma - right up to the moment he died. A goddess intervenes and offers him a second chance in a magical land.","<span class=""runtime"">24 min</span>","<span class=""genre"">
Animation, Adventure, Comedy            </span>","<span class=""certificate"">TV-14</span>"
"<a href=""/title/tt11043632/"">Beastars</a>","<span class=""lister-item-year text-muted unbold"">(2019– )</span>","<span class=""ipl-rating-star__rating"">5</span>","10,100","
In a world of anthropomorphic animals, a reclusive wolf's complicated relationship with a kindly rabbit is tested by a classmate's murder, a charismatic deer's influence, and his own burgeoning predatory instincts.","<span class=""runtime"">23 min</span>","<span class=""genre"">
Animation, Crime, Drama            </span>","<span class=""certificate"">TV-MA</span>"
"<a href=""/title/tt7222086/"">Made in Abyss</a>","<span class=""lister-item-year text-muted unbold"">(2017– )</span>","<span class=""ipl-rating-star__rating"">Rate</span>","10,682","
A girl and her robot companion search for her mother, who's lost within a vast chasm.","<span class=""runtime"">325 min</span>","<span class=""genre"">
Animation, Action, Adventure            </span>","<span class=""certificate"">TV-14</span>"
"<a href=""/title/tt8993398/"">Rascal Does Not Dream of Bunny Girl Senpai</a>","<span class=""lister-item-year text-muted unbold"">(2018– )</span>","<span class=""ipl-rating-star__rating"">6</span>","11,739","
The seemingly normal life of Sakuta Azusagawa, a high school student changes drastically when he meets a wild bunny girl that seems to be invisible to others.","<span class=""runtime"">24 min</span>","<span class=""genre"">
Animation, Drama, Fantasy            </span>","<span class=""certificate"">TV-PG</span>"
"<a href=""/title/tt0315008/"">Great Teacher Onizuka</a>","<span class=""lister-item-year text-muted unbold"">(1999–2000)</span>","<span class=""ipl-rating-star__rating"">Rate</span>","9,304","
About Eikichi Onizuka, a 22-year-old ex-gangster member and a virgin. He has one ambition that no one ever expected from him. His solely life purpose is to become the greatest high school teacher ever.","<span class=""runtime"">24 min</span>","<span class=""genre"">
Animation, Comedy, Drama            </span>","<span class=""certificate"">TV-MA</span>"
"<a href=""/title/tt9522300/"">Kaguya-sama: Love is War</a>","<span class=""lister-item-year text-muted unbold"">(2019– )</span>","<span class=""ipl-rating-star__rating"">7</span>","13,293","
The proudly privileged top two students of an elite school each makes it their mission to be the first to extract a confession of love from the other.","<span class=""runtime"">24 min</span>","<span class=""genre"">
Animation, Comedy, Romance            </span>","<span class=""certificate"">TV-14</span>"
"<a href=""/title/tt0816407/"">The Melancholy of Haruhi Suzumiya</a>","<span class=""lister-item-year text-muted unbold"">(2006–2009)</span>","<span class=""ipl-rating-star__rating"">Rate</span>","8,494","
The crazy adventures of the SOS Brigade, led by the insane but charismatic Haruhi.","<span class=""runtime"">24 min</span>","<span class=""genre"">
Animation, Comedy, Fantasy            </span>","<span class=""certificate"">TV-14</span>"
"<a href=""/title/tt4869896/"">Overlord</a>","<span class=""lister-item-year text-muted unbold"">(2015– )</span>","<span class=""ipl-rating-star__rating"">8</span>","9,916","
An office worker in a dystopian world logs onto a video game for the last time only to find out that he, along with his entire guild, has been transported to another reality.","<span class=""runtime"">30 min</span>","<span class=""genre"">
Animation, Action, Adventure            </span>","<span class=""certificate"">TV-MA</span>"
"<a href=""/title/tt9054364/"">That Time I Got Reincarnated as a Slime</a>","<span class=""lister-item-year text-muted unbold"">(2018– )</span>","<span class=""ipl-rating-star__rating"">Rate</span>","10,302","
Average 37-year-old Minami Satoru dies and is reincarnated as the most unremarkable creature imaginable-a slime.","<span class=""runtime"">25 min</span>","<span class=""genre"">
Animation, Action, Adventure            </span>","<span class=""certificate"">TV-PG</span>"
"<a href=""/title/tt0367439/"">Wolf's Rain</a>","<span class=""lister-item-year text-muted unbold"">(2003–2004)</span>","<span class=""ipl-rating-star__rating"">9</span>","7,802","
In a post-apocalyptic future where humans live in domed cities surrounded by wasteland, wolves are assumed to be two hundred years extinct.","<span class=""runtime"">701 min</span>","<span class=""genre"">
Animation, Action, Adventure            </span>","<span class=""certificate"">TV-14</span>"
"<a href=""/title/tt5514358/"">Steins;Gate 0</a>","<span class=""lister-item-year text-muted unbold"">(2018)</span>","<span class=""ipl-rating-star__rating"">Rate</span>","9,140","
Mad scientist Okabe struggles to recover from past failure and tests a new artificial intelligence","<span class=""runtime"">30 min</span>","<span class=""genre"">
Animation, Drama, Mystery            </span>","<span class=""certificate"">TV-14</span>"
"<a href=""/title/tt0426719/"">Hunter x Hunter</a>","<span class=""lister-item-year text-muted unbold"">(1999–2001)</span>","<span class=""ipl-rating-star__rating"">10</span>","8,254","
The history of Gon Freecs, a boy who left home alone to become a Hunter. In the hard test, Gon meets Leorio, Kurapika and Killua.","<span class=""runtime"">23 min</span>","<span class=""genre"">
Animation, Action, Adventure            </span>","<span class=""certificate"">TV-PG</span>"
"<a href=""/title/tt6112556/"">Yuri!!! On Ice</a>","<span class=""lister-item-year text-muted unbold"">(2016)</span>","<span class=""ipl-rating-star__rating"">Rate</span>","8,413","
After suffering defeat, Yuri Katsuki hangs up his ice skates for good. But will an encounter with two top skaters reignite his passion?","<span class=""runtime"">20 min</span>","<span class=""genre"">
Animation, Comedy, Drama            </span>","<span class=""certificate"">TV-14</span>"
"<a href=""/title/tt2348803/"">Kuroko's Basketball</a>","<span class=""lister-item-year text-muted unbold"">(2012–2015)</span>","<span class=""ipl-rating-star__rating"">8.8</span>","8,753","
The Teiko Middle School Basketball Team. The school that produced three perfect seasons in a row, with five once-in-a generation players, called ""The Generation of Miracles."" There was ...                See full summary »
","<span class=""runtime"">24 min</span>","<span class=""genre"">
Animation, Comedy, Sport            </span>","<span class=""certificate"">TV-14</span>"
"<a href=""/title/tt11147852/"">Dorohedoro</a>","<span class=""lister-item-year text-muted unbold"">(2020)</span>","<span class=""ipl-rating-star__rating"">0</span>","8,635","
In a sad town a clan of sorcerers use its people to experiment with the dark arts.","<span class=""runtime"">25 min</span>","<span class=""genre"">
Animation, Action, Comedy            </span>","<span class=""certificate"">TV-MA</span>"
"<a href=""/title/tt1634208/"">Maid Sama!</a>","<span class=""lister-item-year text-muted unbold"">(2010–2011)</span>","<span class=""ipl-rating-star__rating"">Rate</span>","7,435","
Ayuzawa Misaki serves as the student council president at Seika High. However, unbeknownst to her classmates, she works part-time as an employee at a Maid Cafe. Usui Takumi, a boy from her school, discovers this secret.","<span class=""runtime"">24 min</span>","<span class=""genre"">
Animation, Comedy, Romance            </span>","<span class=""certificate"">TV-14</span>"
"<a href=""/title/tt8690728/"">Goblin Slayer</a>","<span class=""lister-item-year text-muted unbold"">(2018– )</span>","<span class=""ipl-rating-star__rating"">1</span>","7,627","
In a fantasy world, a lone hero makes his living by exterminating all goblins he encounters. But one day he meets a friend, and his life begins to become more intense.","<span class=""runtime"">30 min</span>","<span class=""genre"">
Animation, Action, Adventure            </span>","<span class=""certificate"">TV-MA</span>"
"<a href=""/title/tt0857297/"">Welcome to the N.H.K.</a>","<span class=""lister-item-year text-muted unbold"">(2006)</span>","<span class=""ipl-rating-star__rating"">Rate</span>","6,876","
This surreal dramedy follows Satou Tatsuhiro as he attempts to escape the evil machinations of the NHK.","<span class=""runtime"">24 min</span>","<span class=""genre"">
Animation, Comedy, Drama            </span>","<span class=""certificate"">TV-MA</span>"
"<a href=""/title/tt0294023/"">Captain Tsubasa</a>","<span class=""lister-item-year text-muted unbold"">(1983–1995)</span>","<span class=""ipl-rating-star__rating"">2</span>","6,697","
Tsubasa Oozora is an 11-year-old elementary school student who is deeply in love with football and dreams of one day winning the FIFA World Cup for Japan.","<span class=""runtime"">30 min</span>","<span class=""genre"">
Animation, Comedy, Drama            </span>","<span class=""certificate"">TV-PG</span>"
"<a href=""/title/tt0481256/"">Fighting Spirit</a>","<span class=""lister-item-year text-muted unbold"">(2000–2002)</span>","<span class=""ipl-rating-star__rating"">Rate</span>","6,887","
Ippo, a teenage boy with a pure heart and unrelenting determination, discovers a passion for boxing after veteran fighter Takamura saves him from bullies.","<span class=""runtime"">20 min</span>","<span class=""genre"">
Animation, Action, Comedy            </span>","<span class=""certificate"">TV-PG</span>"
"<a href=""/title/tt0211145/"">Digimon Adventure</a>","<span class=""lister-item-year text-muted unbold"">(1999–2000)</span>","<span class=""ipl-rating-star__rating"">3</span>","6,451","
An animated series based on the popular children's toy ""Digimon"", in which kids raise and train electronic monsters to fight against those raised by other kids. The show follows the ...                See full summary »
","<span class=""runtime"">30 min</span>","<span class=""genre"">
Animation, Action, Adventure            </span>","<span class=""certificate"">TV-Y7-FV</span>"
